{
  "info": {
    "title": "Sample",
    "x-type": "odata",
    "x-connector": "mssql",
    "x-connector-version": 14
  },
  "definitions": {
    "Order": {
      "x-table": "dbo.Orders",
      "resource": "Orders",
      "required": [
        "UserName",
        "OrderDate"
      ],
      "properties": {
        "Id": {
          "x-key": true,
          "x-identity": true,
          "type": "integer",
          "x-navigation": [
            {
              "inversePropertyName": "Order",
              "name": "OrderDetails",
              "type": "OrderDetail"
            }
          ]
        },
        "UserName": {
          "x-key": false,
          "type": "string",
          "length": 255
        },
        "OrderDate": {
          "x-key": false,
          "type": "string",
          "format": "date-time"
        },
        "OrderDetails": {
          "type": "array",
          "items": {
            "$ref": "#/definitions/OrderDetail"
          }
        }
      }
    },
    "OrderDetail": {
      "x-table": "dbo.OrderDetails",
      "resource": "OrderDetails",
      "required": [
        "Quantity"
      ],
      "properties": {
        "Id": {
          "x-key": true,
          "x-identity": true,
          "type": "integer"
        },
        "Quantity": {
          "x-key": false,
          "type": "integer"
        },
        "OrderId": {
          "x-key": false,
          "type": "integer",
          "x-foreignKey": {
            "parentTable": "Orders",
            "parentEntityType": "Order",
            "type": "Order",
            "principalKey": "Id",
            "name": "Order",
            "textProperty": "UserName",
            "navigationProperty": "OrderDetails"
          }
        },
        "ProductId": {
          "x-key": false,
          "type": "integer",
          "x-foreignKey": {
            "parentTable": "Products",
            "parentEntityType": "Product",
            "type": "Product",
            "principalKey": "Id",
            "name": "Product",
            "textProperty": "ProductName",
            "navigationProperty": "OrderDetails"
          }
        }
      }
    },
    "Product": {
      "x-table": "dbo.Products",
      "resource": "Products",
      "required": [
        "ProductName",
        "ProductPrice",
        "ProductPicture"
      ],
      "properties": {
        "Id": {
          "x-key": true,
          "x-identity": true,
          "type": "integer",
          "x-navigation": [
            {
              "inversePropertyName": "Product",
              "name": "OrderDetails",
              "type": "OrderDetail"
            }
          ]
        },
        "ProductName": {
          "x-key": false,
          "type": "string",
          "length": 255
        },
        "ProductPrice": {
          "x-key": false,
          "type": "number",
          "format": "decimal"
        },
        "ProductPicture": {
          "x-key": false,
          "type": "string"
        },
        "OrderDetails": {
          "type": "array",
          "items": {
            "$ref": "#/definitions/OrderDetail"
          }
        }
      }
    }
  },
  "paths": {
    "/Orders": {
      "get": {
        "operationId": "getOrders",
        "parameters": [
          {
            "in": "query",
            "name": "$filter",
            "type": "string"
          },
          {
            "in": "query",
            "name": "$top",
            "type": "integer"
          },
          {
            "in": "query",
            "name": "$skip",
            "type": "integer"
          },
          {
            "in": "query",
            "name": "$orderby",
            "type": "string"
          },
          {
            "in": "query",
            "name": "$count",
            "type": "boolean"
          },
          {
            "in": "query",
            "name": "$expand",
            "type": "string"
          },
          {
            "in": "query",
            "name": "$format",
            "type": "string"
          },
          {
            "in": "query",
            "name": "$select",
            "type": "string"
          }
        ],
        "responses": {
          "200": {
            "schema": {
              "properties": {
                "value": {
                  "items": {
                    "$ref": "#/definitions/Order"
                  },
                  "type": "array"
                }
              },
              "type": "object"
            }
          },
          "default": {
            "schema": {
              "$ref": "#/definitions/Error"
            }
          }
        }
      },
      "post": {
        "operationId": "createOrder",
        "parameters": [
          {
            "in": "body",
            "name": "Order",
            "schema": {
              "$ref": "#/definitions/Order"
            }
          }
        ],
        "responses": {
          "201": {
            "schema": {
              "$ref": "#/definitions/Order"
            }
          },
          "default": {
            "schema": {
              "$ref": "#/definitions/Error"
            }
          }
        }
      }
    },
    "/OrderDetails": {
      "get": {
        "operationId": "getOrderDetails",
        "parameters": [
          {
            "in": "query",
            "name": "$filter",
            "type": "string"
          },
          {
            "in": "query",
            "name": "$top",
            "type": "integer"
          },
          {
            "in": "query",
            "name": "$skip",
            "type": "integer"
          },
          {
            "in": "query",
            "name": "$orderby",
            "type": "string"
          },
          {
            "in": "query",
            "name": "$count",
            "type": "boolean"
          },
          {
            "in": "query",
            "name": "$expand",
            "type": "string"
          },
          {
            "in": "query",
            "name": "$format",
            "type": "string"
          },
          {
            "in": "query",
            "name": "$select",
            "type": "string"
          }
        ],
        "responses": {
          "200": {
            "schema": {
              "properties": {
                "value": {
                  "items": {
                    "$ref": "#/definitions/OrderDetail"
                  },
                  "type": "array"
                }
              },
              "type": "object"
            }
          },
          "default": {
            "schema": {
              "$ref": "#/definitions/Error"
            }
          }
        }
      },
      "post": {
        "operationId": "createOrderDetail",
        "parameters": [
          {
            "in": "body",
            "name": "OrderDetail",
            "schema": {
              "$ref": "#/definitions/OrderDetail"
            }
          }
        ],
        "responses": {
          "201": {
            "schema": {
              "$ref": "#/definitions/OrderDetail"
            }
          },
          "default": {
            "schema": {
              "$ref": "#/definitions/Error"
            }
          }
        }
      }
    },
    "/Products": {
      "get": {
        "operationId": "getProducts",
        "parameters": [
          {
            "in": "query",
            "name": "$filter",
            "type": "string"
          },
          {
            "in": "query",
            "name": "$top",
            "type": "integer"
          },
          {
            "in": "query",
            "name": "$skip",
            "type": "integer"
          },
          {
            "in": "query",
            "name": "$orderby",
            "type": "string"
          },
          {
            "in": "query",
            "name": "$count",
            "type": "boolean"
          },
          {
            "in": "query",
            "name": "$expand",
            "type": "string"
          },
          {
            "in": "query",
            "name": "$format",
            "type": "string"
          },
          {
            "in": "query",
            "name": "$select",
            "type": "string"
          }
        ],
        "responses": {
          "200": {
            "schema": {
              "properties": {
                "value": {
                  "items": {
                    "$ref": "#/definitions/Product"
                  },
                  "type": "array"
                }
              },
              "type": "object"
            }
          },
          "default": {
            "schema": {
              "$ref": "#/definitions/Error"
            }
          }
        }
      },
      "post": {
        "operationId": "createProduct",
        "parameters": [
          {
            "in": "body",
            "name": "Product",
            "schema": {
              "$ref": "#/definitions/Product"
            }
          }
        ],
        "responses": {
          "201": {
            "schema": {
              "$ref": "#/definitions/Product"
            }
          },
          "default": {
            "schema": {
              "$ref": "#/definitions/Error"
            }
          }
        }
      }
    },
    "/Orders({Id})": {
      "delete": {
        "operationId": "deleteOrder",
        "parameters": [
          {
            "in": "path",
            "name": "Id",
            "type": "integer"
          }
        ],
        "responses": {
          "204": {},
          "default": {
            "schema": {
              "$ref": "#/definitions/Error"
            }
          }
        }
      },
      "get": {
        "operationId": "getOrderById",
        "parameters": [
          {
            "in": "path",
            "name": "Id",
            "type": "integer"
          }
        ],
        "responses": {
          "200": {
            "schema": {
              "$ref": "#/definitions/Order"
            }
          },
          "default": {
            "schema": {
              "$ref": "#/definitions/Error"
            }
          }
        }
      },
      "patch": {
        "operationId": "updateOrder",
        "parameters": [
          {
            "in": "path",
            "name": "Id",
            "type": "integer"
          },
          {
            "in": "body",
            "name": "Order",
            "schema": {
              "$ref": "#/definitions/Order"
            }
          }
        ],
        "responses": {
          "204": {},
          "default": {
            "schema": {
              "$ref": "#/definitions/Error"
            }
          }
        }
      }
    },
    "/OrderDetails({Id})": {
      "delete": {
        "operationId": "deleteOrderDetail",
        "parameters": [
          {
            "in": "path",
            "name": "Id",
            "type": "integer"
          }
        ],
        "responses": {
          "204": {},
          "default": {
            "schema": {
              "$ref": "#/definitions/Error"
            }
          }
        }
      },
      "get": {
        "operationId": "getOrderDetailById",
        "parameters": [
          {
            "in": "path",
            "name": "Id",
            "type": "integer"
          }
        ],
        "responses": {
          "200": {
            "schema": {
              "$ref": "#/definitions/OrderDetail"
            }
          },
          "default": {
            "schema": {
              "$ref": "#/definitions/Error"
            }
          }
        }
      },
      "patch": {
        "operationId": "updateOrderDetail",
        "parameters": [
          {
            "in": "path",
            "name": "Id",
            "type": "integer"
          },
          {
            "in": "body",
            "name": "OrderDetail",
            "schema": {
              "$ref": "#/definitions/OrderDetail"
            }
          }
        ],
        "responses": {
          "204": {},
          "default": {
            "schema": {
              "$ref": "#/definitions/Error"
            }
          }
        }
      }
    },
    "/Products({Id})": {
      "delete": {
        "operationId": "deleteProduct",
        "parameters": [
          {
            "in": "path",
            "name": "Id",
            "type": "integer"
          }
        ],
        "responses": {
          "204": {},
          "default": {
            "schema": {
              "$ref": "#/definitions/Error"
            }
          }
        }
      },
      "get": {
        "operationId": "getProductById",
        "parameters": [
          {
            "in": "path",
            "name": "Id",
            "type": "integer"
          }
        ],
        "responses": {
          "200": {
            "schema": {
              "$ref": "#/definitions/Product"
            }
          },
          "default": {
            "schema": {
              "$ref": "#/definitions/Error"
            }
          }
        }
      },
      "patch": {
        "operationId": "updateProduct",
        "parameters": [
          {
            "in": "path",
            "name": "Id",
            "type": "integer"
          },
          {
            "in": "body",
            "name": "Product",
            "schema": {
              "$ref": "#/definitions/Product"
            }
          }
        ],
        "responses": {
          "204": {},
          "default": {
            "schema": {
              "$ref": "#/definitions/Error"
            }
          }
        }
      }
    }
  },
  "basePath": "/odata/Sample",
  "host": "localhost:5000",
  "schemes": [
    "http"
  ]
}