{
  "components": [
    {
      "type": "content",
      "container": "main",
      "components": [
        {
          "components": [
            {
              "class": "col-md-9",
              "components": [
                {
                  "name": "closeLabel",
                  "style": {
                    "fontWeight": "bold"
                  },
                  "text": "Item no longer available.",
                  "type": "label",
                  "visible": "${!canEdit}"
                }
              ],
              "name": "col0",
              "type": "col"
            },
            {
              "class": "col-md-3",
              "components": [
                {
                  "buttonStyle": "secondary",
                  "events": {
                    "click": [
                      {
                        "type": "back"
                      }
                    ]
                  },
                  "icon": "",
                  "name": "closeButton",
                  "style": {
                    "marginBottom": "20px"
                  },
                  "text": "Close",
                  "type": "button",
                  "visible": "${!canEdit}"
                }
              ],
              "name": "col1",
              "type": "col"
            }
          ],
          "name": "row0",
          "style": {},
          "type": "row"
        },
        {
          "type": "row",
          "components": [
            {
              "type": "col",
              "class": "col-md-12",
              "components": [
                {
                  "data": "${order}",
                  "events": {
                    "cancel": [
                      {
                        "type": "back"
                      }
                    ],
                    "submit": [
                      {
                        "error": [
                          {
                            "name": "canEdit",
                            "type": "set",
                            "value": "!(result.status == 400)"
                          },
                          {
                            "detail": "Unable to update Order",
                            "severity": "error",
                            "summary": "Error",
                            "type": "notify"
                          }
                        ],
                        "name": "Sample.updateOrder",
                        "parameters": [
                          {
                            "name": "Id",
                            "value": "${parameters.Id}"
                          },
                          {
                            "name": "Order",
                            "value": "${event}"
                          }
                        ],
                        "then": [
                          {
                            "type": "back"
                          }
                        ],
                        "type": "invoke"
                      }
                    ]
                  },
                  "fields": [
                    {
                      "property": "UserName",
                      "required": true,
                      "title": "User Name",
                      "type": "string",
                      "maxLength": 255,
                      "requiredText": "is required"
                    },
                    {
                      "property": "OrderDate",
                      "required": true,
                      "title": "Order Date",
                      "type": "date",
                      "requiredText": "is required"
                    }
                  ],
                  "name": "form0",
                  "type": "form",
                  "visible": "${canEdit}"
                }
              ]
            }
          ]
        }
      ]
    }
  ],
  "events": {
    "load": [
      {
        "name": "canEdit",
        "type": "set",
        "value": "true"
      },
      {
        "name": "Sample.getOrderById",
        "parameters": [
          {
            "name": "Id",
            "value": "${parameters.Id}"
          }
        ],
        "then": [
          {
            "name": "order",
            "type": "set",
            "value": "${result}"
          }
        ],
        "error": [
          {
            "name": "canEdit",
            "type": "set",
            "value": "!(result.status == 400)"
          }
        ],
        "type": "invoke"
      }
    ]
  },
  "name": "Edit Order",
  "layout": "Main",
  "access": [
    "Authenticated"
  ]
}