{
  "components": [
    {
      "type": "content",
      "container": "main",
      "components": [
        {
          "type": "heading",
          "name": "pageTitle",
          "size": "H1",
          "text": "Products"
        },
        {
          "type": "row",
          "components": [
            {
              "type": "col",
              "class": "col-md-12",
              "components": [
                {
                  "name": "grid0",
                  "allowDelete": true,
                  "allowAdd": true,
                  "allowFiltering": true,
                  "allowMultiSorting": false,
                  "allowPaging": true,
                  "allowSorting": true,
                  "count": "${getProductsCount}",
                  "data": "${getProductsResult}",
                  "events": {
                    "loadData": [
                      {
                        "name": "Sample.getProducts",
                        "parameters": [
                          {
                            "name": "$top",
                            "value": "event.top"
                          },
                          {
                            "name": "$skip",
                            "value": "event.skip"
                          },
                          {
                            "name": "$expand",
                            "value": ""
                          },
                          {
                            "name": "$count",
                            "value": "event.top != null && event.skip != null"
                          },
                          {
                            "name": "$filter",
                            "value": "${event.filter}"
                          },
                          {
                            "name": "$orderby",
                            "value": "${event.orderby}"
                          }
                        ],
                        "then": [
                          {
                            "name": "getProductsResult",
                            "type": "set",
                            "value": "${result.value}"
                          },
                          {
                            "name": "getProductsCount",
                            "type": "set",
                            "value": "event.top != null && event.skip != null ? result['@odata.count'] : ${result.value.length}"
                          }
                        ],
                        "type": "invoke"
                      }
                    ],
                    "delete": [
                      {
                        "error": [
                          {
                            "detail": "Unable to delete Product",
                            "severity": "error",
                            "summary": "Error",
                            "type": "notify"
                          }
                        ],
                        "name": "Sample.deleteProduct",
                        "parameters": [
                          {
                            "name": "Id",
                            "value": "${event.Id}"
                          }
                        ],
                        "then": [
                          {
                            "detail": "Product deleted!",
                            "severity": "success",
                            "summary": "Success",
                            "type": "notify"
                          }
                        ],
                        "type": "invoke"
                      }
                    ],
                    "add": [
                      {
                        "path": "add-product",
                        "type": "popup"
                      }
                    ],
                    "rowSelect": [
                      {
                        "parameters": [
                          {
                            "name": "Id",
                            "value": "${event.Id}"
                          }
                        ],
                        "path": "edit-product",
                        "type": "popup"
                      }
                    ]
                  },
                  "title": "",
                  "columns": [
                    {
                      "property": "Id",
                      "title": "Id",
                      "type": "integer"
                    },
                    {
                      "property": "ProductName",
                      "title": "Product Name",
                      "type": "string"
                    },
                    {
                      "format": "decimal",
                      "property": "ProductPrice",
                      "template": "{{ data.ProductPrice | currency}}",
                      "title": "Product Price",
                      "type": "number"
                    },
                    {
                      "format": "base64",
                      "property": "ProductPicture",
                      "template": "<img width='50%' height='50%' src='${data.ProductPicture}' />",
                      "title": "Product Picture",
                      "type": "string",
                      "sortable": false,
                      "filterable": false
                    }
                  ],
                  "type": "grid",
                  "emptyText": "No records to display.",
                  "addText": "Add"
                }
              ]
            }
          ]
        }
      ]
    }
  ],
  "events": {
    "load": [
      {
        "name": "Sample.getProducts",
        "parameters": [
          {
            "name": "$top",
            "value": "this.grid0.allowPaging ? this.grid0.pageSize : null"
          },
          {
            "name": "$skip",
            "value": "this.grid0.allowPaging ? 0 : null"
          },
          {
            "name": "$count",
            "value": "this.grid0.allowPaging"
          }
        ],
        "then": [
          {
            "name": "getProductsResult",
            "type": "set",
            "value": "${result.value}"
          },
          {
            "name": "getProductsCount",
            "type": "set",
            "value": "this.grid0.allowPaging ? result['@odata.count'] : ${result.value.length}"
          }
        ],
        "type": "invoke"
      }
    ]
  },
  "name": "Products",
  "layout": "Main",
  "access": [
    "Authenticated"
  ]
}